id,merchantId,date,amount,fee,status
"QH-0928-001","demo-qinghe","2026-09-28","2175","13","SUCCESS"
"QH-0928-002","demo-qinghe","2026-09-28","2550","15","SUCCESS"
"QH-0928-003","demo-qinghe","2026-09-28","2925","18","SUCCESS"
"QH-0928-004","demo-qinghe","2026-09-28","3300","20","SUCCESS"
"QH-0928-005","demo-qinghe","2026-09-28","3675","22","SUCCESS"
"QH-0928-006","demo-qinghe","2026-09-28","4050","24","SUCCESS"
"QH-0928-007","demo-qinghe","2026-09-28","4425","27","SUCCESS"
"QH-0928-008","demo-qinghe","2026-09-28","4800","29","SUCCESS"
"QH-0928-009","demo-qinghe","2026-09-28","5175","31","SUCCESS"
"QH-0928-010","demo-qinghe","2026-09-28","5550","33","SUCCESS"
"QH-0928-011","demo-qinghe","2026-09-28","5925","36","SUCCESS"
"QH-0928-012","demo-qinghe","2026-09-28","6300","38","SUCCESS"
"QH-0928-013","demo-qinghe","2026-09-28","6675","40","SUCCESS"
"QH-0928-014","demo-qinghe","2026-09-28","7050","42","SUCCESS"
"QH-0928-015","demo-qinghe","2026-09-28","7425","45","SUCCESS"
"QH-0928-016","demo-qinghe","2026-09-28","7800","47","SUCCESS"
"QH-0928-017","demo-qinghe","2026-09-28","8175","49","SUCCESS"
"QH-0928-018","demo-qinghe","2026-09-28","8550","51","SUCCESS"
"QH-0928-019","demo-qinghe","2026-09-28","8925","54","SUCCESS"
"QH-0928-020","demo-qinghe","2026-09-28","9300","56","SUCCESS"
"QH-0928-021","demo-qinghe","2026-09-28","9675","58","SUCCESS"
"QH-0928-022","demo-qinghe","2026-09-28","10050","60","SUCCESS"
"QH-0928-023","demo-qinghe","2026-09-28","10425","63","SUCCESS"
"QH-0928-024","demo-qinghe","2026-09-28","10800","65","SUCCESS"
"QH-0929-001","demo-qinghe","2026-09-29","2425","15","SUCCESS"
"QH-0929-002","demo-qinghe","2026-09-29","2800","17","SUCCESS"
"QH-0929-003","demo-qinghe","2026-09-29","3175","19","SUCCESS"
"QH-0929-004","demo-qinghe","2026-09-29","3550","21","SUCCESS"
"QH-0929-005","demo-qinghe","2026-09-29","3925","24","SUCCESS"
"QH-0929-006","demo-qinghe","2026-09-29","4300","26","SUCCESS"
"QH-0929-007","demo-qinghe","2026-09-29","4675","28","SUCCESS"
"QH-0929-008","demo-qinghe","2026-09-29","5050","105","SUCCESS"
"QH-0929-009","demo-qinghe","2026-09-29","5425","33","SUCCESS"
"QH-0929-010","demo-qinghe","2026-09-29","5800","35","SUCCESS"
"QH-0929-011","demo-qinghe","2026-09-29","6175","37","SUCCESS"
"QH-0929-012","demo-qinghe","2026-09-29","6550","39","SUCCESS"
"QH-0929-013","demo-qinghe","2026-09-29","6925","42","SUCCESS"
"QH-0929-014","demo-qinghe","2026-09-29","7300","44","SUCCESS"
"QH-0929-015","demo-qinghe","2026-09-29","7675","46","SUCCESS"
"QH-0929-016","demo-qinghe","2026-09-29","8050","48","SUCCESS"
"QH-0929-017","demo-qinghe","2026-09-29","8425","51","SUCCESS"
"QH-0929-018","demo-qinghe","2026-09-29","8800","53","SUCCESS"
"QH-0929-019","demo-qinghe","2026-09-29","9175","55","SUCCESS"
"QH-0929-020","demo-qinghe","2026-09-29","9550","57","SUCCESS"
"QH-0929-021","demo-qinghe","2026-09-29","9925","60","SUCCESS"
"QH-0929-022","demo-qinghe","2026-09-29","10300","62","SUCCESS"
"QH-0929-023","demo-qinghe","2026-09-29","10675","64","SUCCESS"
"QH-0929-024","demo-qinghe","2026-09-29","11050","66","SUCCESS"
"YJ-0928-001","demo-yunji","2026-09-28","3375","19","SUCCESS"
"YJ-0928-002","demo-yunji","2026-09-28","3750","21","SUCCESS"
"YJ-0928-003","demo-yunji","2026-09-28","4125","23","SUCCESS"
"YJ-0928-004","demo-yunji","2026-09-28","4500","25","SUCCESS"
"YJ-0928-005","demo-yunji","2026-09-28","4875","27","SUCCESS"
"YJ-0928-006","demo-yunji","2026-09-28","5250","29","SUCCESS"
"YJ-0928-007","demo-yunji","2026-09-28","5625","31","SUCCESS"
"YJ-0928-008","demo-yunji","2026-09-28","6000","33","SUCCESS"
"YJ-0928-009","demo-yunji","2026-09-28","6375","35","SUCCESS"
"YJ-0928-010","demo-yunji","2026-09-28","6750","37","SUCCESS"
"YJ-0928-011","demo-yunji","2026-09-28","7125","39","SUCCESS"
"YJ-0928-012","demo-yunji","2026-09-28","7500","41","SUCCESS"
"YJ-0928-013","demo-yunji","2026-09-28","7875","43","SUCCESS"
"YJ-0928-014","demo-yunji","2026-09-28","8250","45","SUCCESS"
"YJ-0928-015","demo-yunji","2026-09-28","8625","47","SUCCESS"
"YJ-0928-016","demo-yunji","2026-09-28","9000","50","SUCCESS"
"YJ-0928-017","demo-yunji","2026-09-28","9375","52","SUCCESS"
"YJ-0928-018","demo-yunji","2026-09-28","9750","54","SUCCESS"
"YJ-0928-019","demo-yunji","2026-09-28","10125","56","SUCCESS"
"YJ-0928-020","demo-yunji","2026-09-28","10500","58","SUCCESS"
"YJ-0928-021","demo-yunji","2026-09-28","10875","60","SUCCESS"
"YJ-0928-022","demo-yunji","2026-09-28","11250","62","SUCCESS"
"YJ-0928-023","demo-yunji","2026-09-28","11625","64","SUCCESS"
"YJ-0928-024","demo-yunji","2026-09-28","12000","66","SUCCESS"
"YJ-0929-001","demo-yunji","2026-09-29","3625","20","SUCCESS"
"YJ-0929-002","demo-yunji","2026-09-29","4000","22","SUCCESS"
"YJ-0929-003","demo-yunji","2026-09-29","4375","24","SUCCESS"
"YJ-0929-004","demo-yunji","2026-09-29","4750","26","SUCCESS"
"YJ-0929-005","demo-yunji","2026-09-29","5125","28","SUCCESS"
"YJ-0929-006","demo-yunji","2026-09-29","5500","30","SUCCESS"
"YJ-0929-007","demo-yunji","2026-09-29","5875","32","SUCCESS"
"YJ-0929-008","demo-yunji","2026-09-29","6250","109","SUCCESS"
"YJ-0929-009","demo-yunji","2026-09-29","6625","36","SUCCESS"
"YJ-0929-010","demo-yunji","2026-09-29","7000","39","SUCCESS"
"YJ-0929-011","demo-yunji","2026-09-29","7375","41","SUCCESS"
"YJ-0929-012","demo-yunji","2026-09-29","7750","43","SUCCESS"
"YJ-0929-013","demo-yunji","2026-09-29","8125","45","SUCCESS"
"YJ-0929-014","demo-yunji","2026-09-29","8500","47","SUCCESS"
"YJ-0929-015","demo-yunji","2026-09-29","8875","49","SUCCESS"
"YJ-0929-016","demo-yunji","2026-09-29","9250","51","SUCCESS"
"YJ-0929-017","demo-yunji","2026-09-29","9625","53","SUCCESS"
"YJ-0929-018","demo-yunji","2026-09-29","10000","55","SUCCESS"
"YJ-0929-019","demo-yunji","2026-09-29","10375","57","SUCCESS"
"YJ-0929-020","demo-yunji","2026-09-29","10750","59","SUCCESS"
"YJ-0929-021","demo-yunji","2026-09-29","11125","61","SUCCESS"
"YJ-0929-022","demo-yunji","2026-09-29","11500","63","SUCCESS"
"YJ-0929-023","demo-yunji","2026-09-29","11875","65","SUCCESS"
"YJ-0929-024","demo-yunji","2026-09-29","12250","67","SUCCESS"
"XH-0928-001","demo-xinghu","2026-09-28","4575","23","SUCCESS"
"XH-0928-002","demo-xinghu","2026-09-28","4950","25","SUCCESS"
"XH-0928-003","demo-xinghu","2026-09-28","5325","27","SUCCESS"
"XH-0928-004","demo-xinghu","2026-09-28","5700","29","SUCCESS"
"XH-0928-005","demo-xinghu","2026-09-28","6075","30","SUCCESS"
"XH-0928-006","demo-xinghu","2026-09-28","6450","32","SUCCESS"
"XH-0928-007","demo-xinghu","2026-09-28","6825","34","SUCCESS"
"XH-0928-008","demo-xinghu","2026-09-28","7200","36","SUCCESS"
"XH-0928-009","demo-xinghu","2026-09-28","7575","38","SUCCESS"
"XH-0928-010","demo-xinghu","2026-09-28","7950","40","SUCCESS"
"XH-0928-011","demo-xinghu","2026-09-28","8325","42","SUCCESS"
"XH-0928-012","demo-xinghu","2026-09-28","8700","44","SUCCESS"
"XH-0928-013","demo-xinghu","2026-09-28","9075","45","SUCCESS"
"XH-0928-014","demo-xinghu","2026-09-28","9450","47","SUCCESS"
"XH-0928-015","demo-xinghu","2026-09-28","9825","49","SUCCESS"
"XH-0928-016","demo-xinghu","2026-09-28","10200","51","SUCCESS"
"XH-0928-017","demo-xinghu","2026-09-28","10575","53","SUCCESS"
"XH-0928-018","demo-xinghu","2026-09-28","10950","55","SUCCESS"
"XH-0928-019","demo-xinghu","2026-09-28","11325","57","SUCCESS"
"XH-0928-020","demo-xinghu","2026-09-28","11700","59","SUCCESS"
"XH-0928-021","demo-xinghu","2026-09-28","12075","60","SUCCESS"
"XH-0928-022","demo-xinghu","2026-09-28","12450","62","SUCCESS"
"XH-0928-023","demo-xinghu","2026-09-28","12825","64","SUCCESS"
"XH-0928-024","demo-xinghu","2026-09-28","13200","66","SUCCESS"
"XH-0929-001","demo-xinghu","2026-09-29","4825","24","SUCCESS"
"XH-0929-002","demo-xinghu","2026-09-29","5200","26","SUCCESS"
"XH-0929-003","demo-xinghu","2026-09-29","5575","28","SUCCESS"
"XH-0929-004","demo-xinghu","2026-09-29","5950","30","SUCCESS"
"XH-0929-005","demo-xinghu","2026-09-29","6325","32","SUCCESS"
"XH-0929-006","demo-xinghu","2026-09-29","6700","34","SUCCESS"
"XH-0929-007","demo-xinghu","2026-09-29","7075","35","SUCCESS"
"XH-0929-008","demo-xinghu","2026-09-29","7450","112","SUCCESS"
"XH-0929-009","demo-xinghu","2026-09-29","7825","39","SUCCESS"
"XH-0929-010","demo-xinghu","2026-09-29","8200","41","SUCCESS"
"XH-0929-011","demo-xinghu","2026-09-29","8575","43","SUCCESS"
"XH-0929-012","demo-xinghu","2026-09-29","8950","45","SUCCESS"
"XH-0929-013","demo-xinghu","2026-09-29","9325","47","SUCCESS"
"XH-0929-014","demo-xinghu","2026-09-29","9700","49","SUCCESS"
"XH-0929-015","demo-xinghu","2026-09-29","10075","50","SUCCESS"
"XH-0929-016","demo-xinghu","2026-09-29","10450","52","SUCCESS"
"XH-0929-017","demo-xinghu","2026-09-29","10825","54","SUCCESS"
"XH-0929-018","demo-xinghu","2026-09-29","11200","56","SUCCESS"
"XH-0929-019","demo-xinghu","2026-09-29","11575","58","SUCCESS"
"XH-0929-020","demo-xinghu","2026-09-29","11950","60","SUCCESS"
"XH-0929-021","demo-xinghu","2026-09-29","12325","62","SUCCESS"
"XH-0929-022","demo-xinghu","2026-09-29","12700","64","SUCCESS"
"XH-0929-023","demo-xinghu","2026-09-29","13075","65","SUCCESS"
"XH-0929-024","demo-xinghu","2026-09-29","13450","67","SUCCESS"