id,merchantId,date,amount
"QH-0928-001","demo-qinghe","2026-09-28","2175"
"QH-0928-002","demo-qinghe","2026-09-28","2550"
"QH-0928-003","demo-qinghe","2026-09-28","2925"
"QH-0928-004","demo-qinghe","2026-09-28","3300"
"QH-0928-005","demo-qinghe","2026-09-28","3675"
"QH-0928-006","demo-qinghe","2026-09-28","4050"
"QH-0928-007","demo-qinghe","2026-09-28","4425"
"QH-0928-008","demo-qinghe","2026-09-28","4800"
"QH-0928-009","demo-qinghe","2026-09-28","5175"
"QH-0928-010","demo-qinghe","2026-09-28","5550"
"QH-0928-011","demo-qinghe","2026-09-28","5925"
"QH-0928-012","demo-qinghe","2026-09-28","6300"
"QH-0928-013","demo-qinghe","2026-09-28","6675"
"QH-0928-014","demo-qinghe","2026-09-28","7050"
"QH-0928-015","demo-qinghe","2026-09-28","7425"
"QH-0928-016","demo-qinghe","2026-09-28","7800"
"QH-0928-017","demo-qinghe","2026-09-28","8175"
"QH-0928-018","demo-qinghe","2026-09-28","8550"
"QH-0928-019","demo-qinghe","2026-09-28","8925"
"QH-0928-020","demo-qinghe","2026-09-28","9300"
"QH-0928-021","demo-qinghe","2026-09-28","9675"
"QH-0928-022","demo-qinghe","2026-09-28","10050"
"QH-0928-023","demo-qinghe","2026-09-28","10425"
"QH-0928-024","demo-qinghe","2026-09-28","10800"
"QH-0929-001","demo-qinghe","2026-09-29","2425"
"QH-0929-002","demo-qinghe","2026-09-29","2800"
"QH-0929-003","demo-qinghe","2026-09-29","3175"
"QH-0929-003","demo-qinghe","2026-09-29","3175"
"QH-0929-004","demo-qinghe","2026-09-29","3550"
"QH-0929-005","demo-qinghe","2026-09-29","3925"
"QH-0929-006","demo-qinghe","2026-09-29","4300"
"QH-0929-007","demo-qinghe","2026-09-29","4675"
"QH-0929-008","demo-qinghe","2026-09-29","5050"
"QH-0929-009","demo-qinghe","2026-09-29","5425"
"QH-0929-010","demo-qinghe","2026-09-29","5800"
"QH-0929-012","demo-qinghe","2026-09-29","6550"
"QH-0929-013","demo-qinghe","2026-09-29","6925"
"QH-0929-014","demo-qinghe","2026-09-29","7300"
"QH-0929-015","demo-qinghe","2026-09-29","7675"
"QH-0929-016","demo-qinghe","2026-09-29","8050"
"QH-0929-017","demo-qinghe","2026-09-29","8525"
"QH-0929-018","demo-qinghe","2026-09-29","8800"
"QH-0929-019","demo-qinghe","2026-09-29","9175"
"QH-0929-020","demo-qinghe","2026-09-29","9550"
"QH-0929-021","demo-qinghe","2026-09-29","9925"
"QH-0929-022","demo-qinghe","2026-09-29","10300"
"QH-0929-023","demo-qinghe","2026-09-29","10675"
"QH-0929-024","demo-qinghe","2026-09-29","11050"
"QH-0929-099","demo-qinghe","2026-09-29","4500"
"YJ-0928-001","demo-yunji","2026-09-28","3375"
"YJ-0928-002","demo-yunji","2026-09-28","3750"
"YJ-0928-003","demo-yunji","2026-09-28","4125"
"YJ-0928-004","demo-yunji","2026-09-28","4500"
"YJ-0928-005","demo-yunji","2026-09-28","4875"
"YJ-0928-006","demo-yunji","2026-09-28","5250"
"YJ-0928-007","demo-yunji","2026-09-28","5625"
"YJ-0928-008","demo-yunji","2026-09-28","6000"
"YJ-0928-009","demo-yunji","2026-09-28","6375"
"YJ-0928-010","demo-yunji","2026-09-28","6750"
"YJ-0928-011","demo-yunji","2026-09-28","7125"
"YJ-0928-012","demo-yunji","2026-09-28","7500"
"YJ-0928-013","demo-yunji","2026-09-28","7875"
"YJ-0928-014","demo-yunji","2026-09-28","8250"
"YJ-0928-015","demo-yunji","2026-09-28","8625"
"YJ-0928-016","demo-yunji","2026-09-28","9000"
"YJ-0928-017","demo-yunji","2026-09-28","9375"
"YJ-0928-018","demo-yunji","2026-09-28","9750"
"YJ-0928-019","demo-yunji","2026-09-28","10125"
"YJ-0928-020","demo-yunji","2026-09-28","10500"
"YJ-0928-021","demo-yunji","2026-09-28","10875"
"YJ-0928-022","demo-yunji","2026-09-28","11250"
"YJ-0928-023","demo-yunji","2026-09-28","11625"
"YJ-0928-024","demo-yunji","2026-09-28","12000"
"YJ-0929-001","demo-yunji","2026-09-29","3625"
"YJ-0929-002","demo-yunji","2026-09-29","4000"
"YJ-0929-003","demo-yunji","2026-09-29","4375"
"YJ-0929-003","demo-yunji","2026-09-29","4375"
"YJ-0929-004","demo-yunji","2026-09-29","4750"
"YJ-0929-005","demo-yunji","2026-09-29","5125"
"YJ-0929-006","demo-yunji","2026-09-29","5500"
"YJ-0929-007","demo-yunji","2026-09-29","5875"
"YJ-0929-008","demo-yunji","2026-09-29","6250"
"YJ-0929-009","demo-yunji","2026-09-29","6625"
"YJ-0929-010","demo-yunji","2026-09-29","7000"
"YJ-0929-012","demo-yunji","2026-09-29","7750"
"YJ-0929-013","demo-yunji","2026-09-29","8125"
"YJ-0929-014","demo-yunji","2026-09-29","8500"
"YJ-0929-015","demo-yunji","2026-09-29","8875"
"YJ-0929-016","demo-yunji","2026-09-29","9250"
"YJ-0929-017","demo-yunji","2026-09-29","9725"
"YJ-0929-018","demo-yunji","2026-09-29","10000"
"YJ-0929-019","demo-yunji","2026-09-29","10375"
"YJ-0929-020","demo-yunji","2026-09-29","10750"
"YJ-0929-021","demo-yunji","2026-09-29","11125"
"YJ-0929-022","demo-yunji","2026-09-29","11500"
"YJ-0929-023","demo-yunji","2026-09-29","11875"
"YJ-0929-024","demo-yunji","2026-09-29","12250"
"YJ-0929-099","demo-yunji","2026-09-29","5000"
"XH-0928-001","demo-xinghu","2026-09-28","4575"
"XH-0928-002","demo-xinghu","2026-09-28","4950"
"XH-0928-003","demo-xinghu","2026-09-28","5325"
"XH-0928-004","demo-xinghu","2026-09-28","5700"
"XH-0928-005","demo-xinghu","2026-09-28","6075"
"XH-0928-006","demo-xinghu","2026-09-28","6450"
"XH-0928-007","demo-xinghu","2026-09-28","6825"
"XH-0928-008","demo-xinghu","2026-09-28","7200"
"XH-0928-009","demo-xinghu","2026-09-28","7575"
"XH-0928-010","demo-xinghu","2026-09-28","7950"
"XH-0928-011","demo-xinghu","2026-09-28","8325"
"XH-0928-012","demo-xinghu","2026-09-28","8700"
"XH-0928-013","demo-xinghu","2026-09-28","9075"
"XH-0928-014","demo-xinghu","2026-09-28","9450"
"XH-0928-015","demo-xinghu","2026-09-28","9825"
"XH-0928-016","demo-xinghu","2026-09-28","10200"
"XH-0928-017","demo-xinghu","2026-09-28","10575"
"XH-0928-018","demo-xinghu","2026-09-28","10950"
"XH-0928-019","demo-xinghu","2026-09-28","11325"
"XH-0928-020","demo-xinghu","2026-09-28","11700"
"XH-0928-021","demo-xinghu","2026-09-28","12075"
"XH-0928-022","demo-xinghu","2026-09-28","12450"
"XH-0928-023","demo-xinghu","2026-09-28","12825"
"XH-0928-024","demo-xinghu","2026-09-28","13200"
"XH-0929-001","demo-xinghu","2026-09-29","4825"
"XH-0929-002","demo-xinghu","2026-09-29","5200"
"XH-0929-003","demo-xinghu","2026-09-29","5575"
"XH-0929-003","demo-xinghu","2026-09-29","5575"
"XH-0929-004","demo-xinghu","2026-09-29","5950"
"XH-0929-005","demo-xinghu","2026-09-29","6325"
"XH-0929-006","demo-xinghu","2026-09-29","6700"
"XH-0929-007","demo-xinghu","2026-09-29","7075"
"XH-0929-008","demo-xinghu","2026-09-29","7450"
"XH-0929-009","demo-xinghu","2026-09-29","7825"
"XH-0929-010","demo-xinghu","2026-09-29","8200"
"XH-0929-012","demo-xinghu","2026-09-29","8950"
"XH-0929-013","demo-xinghu","2026-09-29","9325"
"XH-0929-014","demo-xinghu","2026-09-29","9700"
"XH-0929-015","demo-xinghu","2026-09-29","10075"
"XH-0929-016","demo-xinghu","2026-09-29","10450"
"XH-0929-017","demo-xinghu","2026-09-29","10925"
"XH-0929-018","demo-xinghu","2026-09-29","11200"
"XH-0929-019","demo-xinghu","2026-09-29","11575"
"XH-0929-020","demo-xinghu","2026-09-29","11950"
"XH-0929-021","demo-xinghu","2026-09-29","12325"
"XH-0929-022","demo-xinghu","2026-09-29","12700"
"XH-0929-023","demo-xinghu","2026-09-29","13075"
"XH-0929-024","demo-xinghu","2026-09-29","13450"
"XH-0929-099","demo-xinghu","2026-09-29","5500"